<ImportExportXml xmlns:xsi="http://www.w3.org/2001/XMLSchema-instance">
  <Entities></Entities>
  <Roles></Roles>
  <Workflows></Workflows>
  <FieldSecurityProfiles></FieldSecurityProfiles>
  <Templates />
  <EntityMaps />
  <EntityRelationships />
  <OrganizationSettings />
  <optionsets />
  <WebResources>
    <WebResource>
      <WebResourceId>{3eeafe62-839a-e311-b054-005056a668ce}</WebResourceId>
      <Name>cei_/FetchTester/FetchTester.htm</Name>
      <DisplayName>Fetch Tester 3000</DisplayName>
      <WebResourceType>1</WebResourceType>
      <IsCustomizable>1</IsCustomizable>
      <CanBeDeleted>1</CanBeDeleted>
      <IsHidden>0</IsHidden>
      <FileName>/WebResources/cei_FetchTesterFetchTesterhtm3EEAFE62-839A-E311-B054-005056A668CE</FileName>
    </WebResource>
    <WebResource>
      <WebResourceId>{0c88a5c8-839a-e311-b054-005056a668ce}</WebResourceId>
      <Name>cei_/FetchTester/fetchIcon.png</Name>
      <DisplayName>Fetch Tester Icon</DisplayName>
      <WebResourceType>5</WebResourceType>
      <IsCustomizable>1</IsCustomizable>
      <CanBeDeleted>1</CanBeDeleted>
      <IsHidden>0</IsHidden>
      <FileName>/WebResources/cei_FetchTesterfetchIconpng0C88A5C8-839A-E311-B054-005056A668CE</FileName>
    </WebResource>
    <WebResource>
      <WebResourceId>{ec74d6d9-839a-e311-b054-005056a668ce}</WebResourceId>
      <Name>cei_/FetchTester/jcl.js</Name>
      <DisplayName>JCL Library</DisplayName>
      <WebResourceType>3</WebResourceType>
      <IsCustomizable>1</IsCustomizable>
      <CanBeDeleted>1</CanBeDeleted>
      <IsHidden>0</IsHidden>
      <FileName>/WebResources/cei_FetchTesterjcljsEC74D6D9-839A-E311-B054-005056A668CE</FileName>
    </WebResource>
    <WebResource>
      <WebResourceId>{dd5792ef-839a-e311-b054-005056a668ce}</WebResourceId>
      <Name>cei_/FetchTester/vkbeautify.0.99.00.beta.js</Name>
      <DisplayName>Fetch Tester - XML Beautifier</DisplayName>
      <WebResourceType>3</WebResourceType>
      <IsCustomizable>1</IsCustomizable>
      <CanBeDeleted>1</CanBeDeleted>
      <IsHidden>0</IsHidden>
      <FileName>/WebResources/cei_FetchTestervkbeautify09900betajsDD5792EF-839A-E311-B054-005056A668CE</FileName>
    </WebResource>
  </WebResources>
  <Languages>
    <Language>1033</Language>
  </Languages>
</ImportExportXml>